EQUIPO,PART,MIN,PT,T2,T3,TC,TL,RO,RD,RT,AS,BR,BP,TF,TC,MT,FC,FR,VA,Temporada,Liga
PERFUMERIAS AVENIDA,30,6000,2230,600/1128,237/615,837/1743,319/404,231,748,979,528,272,398,47,27,0,501,485,2651,2021/2022,LF Endesa
CADI LA SEU,30,6050,1851,577/1319,136/499,713/1818,289/423,280,747,1027,351,217,409,53,45,1,512,503,1842,2021/2022,LF Endesa
LOINTEK GERNIKA BIZKAIA,30,6075,1981,635/1365,138/431,773/1796,297/412,255,685,940,434,213,380,30,45,2,466,500,2114,2021/2022,LF Endesa
KUTXABANK ARASKI,30,6000,1924,561/1191,167/575,728/1766,301/450,245,722,967,369,193,451,24,42,1,533,488,1794,2021/2022,LF Endesa
CASADEMONT ZARAGOZA,30,6000,1978,561/1189,184/551,745/1740,304/419,191,744,935,360,174,393,36,36,2,490,528,2018,2021/2022,LF Endesa
VALENCIA B.C.,30,6000,2157,639/1328,195/543,834/1871,294/406,256,749,1005,485,297,364,66,31,2,453,493,2537,2021/2022,LF Endesa
INNOVA-TSN LEGANÉS,30,6000,1885,598/1397,130/451,728/1848,299/400,240,687,927,373,214,421,25,53,8,466,472,1788,2021/2022,LF Endesa
SPAR GRAN CANARIA,30,6025,1883,562/1367,163/567,725/1934,270/382,328,729,1057,309,227,409,44,46,8,574,490,1706,2021/2022,LF Endesa
DURÁN MAQUINARIA ENSINO,30,6075,1918,528/1206,191/587,719/1793,289/419,228,661,889,323,240,436,22,35,1,550,484,1686,2021/2022,LF Endesa
BAXI FERROL,30,6075,1877,484/1115,229/734,713/1849,222/319,241,704,945,383,249,485,36,56,0,465,444,1751,2021/2022,LF Endesa
IDK EUSKOTREN,30,6100,2067,633/1292,157/462,790/1754,330/439,214,797,1011,332,182,403,68,34,1,453,505,2236,2021/2022,LF Endesa
EMBUTIDOS PAJARIEL BEMBIBRE PDM,30,6025,1727,442/1146,192/710,634/1856,267/374,243,675,918,307,173,349,31,71,1,481,475,1472,2021/2022,LF Endesa
TENERIFE,30,6075,1864,518/1191,148/550,666/1741,384/507,173,722,895,329,186,413,23,30,2,548,551,1689,2021/2022,LF Endesa
SPAR GIRONA,30,6025,2196,647/1372,188/564,835/1936,338/468,269,796,1065,384,295,379,55,19,2,482,497,2400,2021/2022,LF Endesa
CAMPUS PROMETE,30,6125,1914,480/1162,226/736,706/1898,276/358,273,788,1061,389,175,374,47,41,1,510,493,1921,2021/2022,LF Endesa
MOVISTAR ESTUDIANTES,30,6000,1952,528/1174,203/626,731/1800,287/383,240,718,958,424,222,386,38,35,2,470,502,2075,2021/2022,LF Endesa
SPAR GIRONA,30,6025,2304,709/1354,194/550,903/1904,304/416,235,791,1026,452,252,350,51,32,0,477,472,2616,2020/2021,LF Endesa
KUTXABANK ARASKI,30,6025,1882,525/1184,166/533,691/1717,334/494,255,662,917,356,218,397,27,35,1,495,533,1854,2020/2021,LF Endesa
CIUDAD DE LA LAGUNA TENERIFE,30,6075,2022,612/1271,156/522,768/1793,330/495,210,688,898,342,237,413,13,23,2,548,501,1862,2020/2021,LF Endesa
CAMPUS PROMETE,30,6050,1949,565/1326,179/562,744/1888,282/383,253,704,957,312,203,356,42,37,1,502,460,1820,2020/2021,LF Endesa
MOVISTAR ESTUDIANTES,30,6025,2086,602/1300,197/579,799/1879,291/391,255,699,954,422,226,337,23,40,3,495,486,2185,2020/2021,LF Endesa
SPAR GRAN CANARIA,30,6050,2185,699/1458,151/457,850/1915,334/502,321,737,1058,313,184,414,27,38,3,545,524,2099,2020/2021,LF Endesa
PERFUMERIAS AVENIDA,30,6075,2437,679/1268,259/658,938/1926,302/427,302,666,968,514,272,320,32,21,3,509,462,2743,2020/2021,LF Endesa
EMBUTIDOS PAJARIEL BEMBIBRE PDM,30,6075,1921,573/1221,156/547,729/1768,307/425,231,604,835,274,199,387,20,44,9,446,483,1741,2020/2021,LF Endesa
VALENCIA B.C.,30,6050,2267,704/1386,195/556,899/1942,274/379,271,712,983,481,294,330,68,24,1,457,447,2605,2020/2021,LF Endesa
LOINTEK GERNIKA BIZKAIA,30,6000,2020,602/1270,173/508,775/1778,297/411,259,673,932,423,202,349,51,29,1,441,494,2215,2020/2021,LF Endesa
QUESOS EL PASTOR,30,6000,1830,591/1364,137/466,728/1830,237/339,214,684,898,302,196,432,26,49,0,452,454,1618,2020/2021,LF Endesa
DURAN MAQUINARIA ENSINO,30,6025,2045,531/1076,221/606,752/1682,320/422,185,652,837,421,192,387,19,17,0,511,506,2090,2020/2021,LF Endesa
ALTER ENERSUN AL-QÁZERES EXTREMADURA,30,6000,1827,498/1135,196/606,694/1741,243/337,199,655,854,301,156,388,40,47,0,447,444,1646,2020/2021,LF Endesa
IDK EUSKOTREN,30,6050,2030,716/1387,112/328,828/1715,262/360,176,720,896,402,172,440,34,37,5,489,461,2081,2020/2021,LF Endesa
CADI LA SEU,30,6000,1923,610/1261,146/490,756/1751,265/389,221,692,913,342,218,432,36,32,1,456,462,1887,2020/2021,LF Endesa
CASADEMONT ZARAGOZA,30,6025,2044,600/1245,184/608,784/1853,292/416,259,701,960,436,191,428,35,39,0,552,460,1953,2020/2021,LF Endesa
SPAR CITYLIFT GIRONA,22,4400,1428,412/920,129/425,541/1345,217/329,251,605,856,284,193,322,65,27,0,367,376,1570,2019/2020,LF Endesa
LOINTEK GERNIKA BIZKAIA,22,4475,1550,478/942,123/372,601/1314,225/335,180,581,761,306,200,303,46,20,0,337,375,1755,2019/2020,LF Endesa
DURAN MAQUINARIA ENSINO,22,4425,1434,412/959,135/408,547/1367,205/289,227,538,765,300,178,296,30,67,0,353,353,1440,2019/2020,LF Endesa
RPK ARASKI,22,4475,1363,346/830,143/451,489/1281,242/329,160,513,673,275,208,319,48,38,1,362,381,1350,2019/2020,LF Endesa
IDK EUSKOTREN,22,4450,1353,413/952,104/336,517/1288,215/323,180,535,715,303,144,307,67,56,0,348,354,1346,2019/2020,LF Endesa
CADI LA SEU,22,4425,1448,425/917,123/366,548/1283,229/309,171,543,714,341,160,301,53,37,0,351,376,1588,2019/2020,LF Endesa
EMBUTIDOS PAJARIEL BEMBIBRE PDM,22,4425,1245,306/824,155/500,461/1324,168/258,196,498,694,224,165,322,54,37,0,360,343,1053,2019/2020,LF Endesa
VALENCIA B.C.,22,4450,1436,462/1061,110/307,572/1368,182/288,199,608,807,361,161,283,53,26,0,365,356,1598,2019/2020,LF Endesa
CIUDAD DE LA LAGUNA TENERIFE,22,4550,1481,442/982,113/369,555/1351,258/359,159,590,749,255,186,355,26,56,0,395,375,1369,2019/2020,LF Endesa
CAMPUS PROMETE,22,4400,1298,399/955,99/339,498/1294,203/273,186,551,737,240,178,311,30,45,0,342,328,1247,2019/2020,LF Endesa
NISSAN AL-QÁZERES EXTREMADURA,22,4400,1230,344/911,117/412,461/1323,191/269,175,477,652,192,172,285,36,49,0,407,340,941,2019/2020,LF Endesa
MANN-FILTER CASABLANCA,22,4500,1381,362/826,138/475,500/1301,243/332,152,575,727,303,174,357,42,36,0,426,385,1303,2019/2020,LF Endesa
PERFUMERIAS AVENIDA,22,4400,1638,493/964,142/406,635/1370,226/310,201,508,709,364,257,268,46,33,0,331,352,1915,2019/2020,LF Endesa
QUESOS EL PASTOR,22,4525,1393,381/911,129/447,510/1358,244/334,207,504,711,217,166,323,45,46,0,342,379,1262,2019/2020,LF Endesa
EMBUTIDOS PAJARIEL BEMBIBRE PDM,26,5200,1538,422/1062,161/535,583/1597,211/305,259,572,831,294,215,370,36,57,0,377,445,1447,2018/2019,LF Endesa
IDK GIPUZKOA,26,5200,1639,539/1180,98/303,637/1483,267/376,212,707,919,365,201,417,66,50,0,418,426,1776,2018/2019,LF Endesa
NISSAN AL-QÁZERES EXTREMADURA,26,5275,1724,513/1135,134/457,647/1592,296/426,199,664,863,387,222,392,50,46,0,411,452,1774,2018/2019,LF Endesa
BAXI FERROL,26,5275,1517,437/1072,147/513,584/1585,202/320,251,643,894,302,188,478,61,59,0,473,380,1213,2018/2019,LF Endesa
DURÁN MAQUINARIA ENSINO,26,5250,1731,575/1243,117/425,692/1668,230/341,286,641,927,353,260,411,52,68,0,404,383,1736,2018/2019,LF Endesa
SNATT'S FEMENI SANT ADRIA,26,5225,1658,436/1080,178/617,614/1697,252/345,268,660,928,248,197,377,45,40,0,460,397,1420,2018/2019,LF Endesa
CADI LA SEU,26,5200,1839,519/1076,188/584,707/1660,237/330,258,635,893,373,232,340,44,51,0,413,405,1936,2018/2019,LF Endesa
SPAR CITYLIFT GIRONA,26,5200,1971,589/1258,181/536,770/1794,250/382,327,664,991,431,277,320,71,37,0,458,436,2206,2018/2019,LF Endesa
QUESOS EL PASTOR,26,5275,1648,488/1080,129/491,617/1571,285/372,214,626,840,290,161,362,74,48,0,383,428,1607,2018/2019,LF Endesa
LOINTEK GERNIKA BIZKAIA,26,5275,1845,524/1103,169/545,693/1648,290/404,238,670,908,410,211,314,45,47,0,448,420,1961,2018/2019,LF Endesa
VALENCIA B.C.,26,5250,1766,584/1208,112/359,696/1567,262/370,211,716,927,423,188,361,50,41,0,442,409,1940,2018/2019,LF Endesa
PERFUMERIAS AVENIDA,26,5200,1945,581/1128,195/512,776/1640,198/277,235,701,936,463,288,381,65,48,0,351,379,2353,2018/2019,LF Endesa
MANN-FILTER CASABLANCA,26,5200,1565,470/1167,124/414,594/1581,253/337,198,600,798,292,242,332,31,58,0,344,407,1530,2018/2019,LF Endesa
RPK ARASKI,26,5225,1608,434/1062,167/561,601/1623,239/331,213,584,797,327,210,347,27,40,0,393,393,1468,2018/2019,LF Endesa
SPAR CITYLIFT GIRONA,26,5200,2036,579/1216,187/499,766/1715,317/398,300,706,1006,385,245,385,74,36,0,423,425,2297,2017/2018,LF Endesa
MANN-FILTER,26,5200,1888,566/1147,141/449,707/1596,333/461,202,632,834,382,260,333,52,44,0,432,468,2058,2017/2018,LF Endesa
STAR CENTER-UNI FERROL,26,5250,1900,485/973,237/685,722/1658,219/310,210,645,855,375,189,291,45,35,0,376,389,2024,2017/2018,LF Endesa
CAMPUS PROMETE LF1,26,5225,1638,529/1214,107/421,636/1635,259/343,267,676,943,326,174,434,53,49,0,426,424,1566,2017/2018,LF Endesa
IDK GIPUZKOA,26,5200,1702,567/1198,91/312,658/1510,295/420,207,725,932,345,166,407,44,60,0,427,435,1753,2017/2018,LF Endesa
LACTURALE ART ARASKI,26,5225,1642,477/1161,138/486,615/1647,274/375,212,600,812,292,256,350,42,51,0,440,415,1485,2017/2018,LF Endesa
PERFUMERIAS AVENIDA,26,5200,1973,604/1164,161/463,765/1627,282/372,261,642,903,446,263,348,64,38,0,430,396,2277,2017/2018,LF Endesa
MOVISTAR ESTUDIANTES,26,5200,1613,504/1226,129/458,633/1684,218/307,258,596,854,316,182,381,44,40,1,508,412,1352,2017/2018,LF Endesa
CADI LA SEU,26,5225,1822,477/1039,195/608,672/1647,283/372,260,561,821,336,253,352,38,48,0,416,438,1828,2017/2018,LF Endesa
SNATT'S FEMENI SANT ADRIA,26,5225,1769,486/1075,176/638,662/1713,269/380,272,613,885,232,233,345,33,28,0,472,437,1582,2017/2018,LF Endesa
QUESOS EL PASTOR,26,5200,1687,481/1122,157/541,638/1663,254/358,246,586,832,261,179,343,30,65,0,416,402,1438,2017/2018,LF Endesa
LOINTEK GERNIKA BIZKAIA,26,5250,1923,564/1109,169/440,733/1549,288/440,217,678,895,380,169,365,25,52,0,433,477,2051,2017/2018,LF Endesa
NISSAN AL-QÁZERES EXTREMADURA,26,5225,1754,516/1123,153/478,669/1601,263/352,251,626,877,275,199,379,39,52,0,388,415,1719,2017/2018,LF Endesa
EMBUTIDOS PAJARIEL BEMBIBRE PDM,26,5225,1693,493/1099,159/520,652/1619,230/316,193,624,817,323,191,369,80,52,0,372,406,1664,2017/2018,LF Endesa
IDK GIPUZKOA,26,5250,1743,542/1056,110/376,652/1432,329/444,187,652,839,402,221,469,46,32,0,447,481,1889,2016/2017,LF Endesa
CADI LA SEU,26,5250,1662,490/1038,134/456,624/1494,280/388,228,567,795,338,258,419,61,55,0,451,461,1672,2016/2017,LF Endesa
LOINTEK GERNIKA BIZKAIA,26,5225,1696,490/1059,161/452,651/1511,233/343,219,604,823,327,248,332,41,27,0,426,419,1799,2016/2017,LF Endesa
STAR CENTER-UNI FERROL,26,5225,1742,482/1048,170/556,652/1604,268/392,254,581,835,305,201,330,42,45,0,385,453,1742,2016/2017,LF Endesa
SPAR GRAN CANARIA,26,5250,1619,530/1290,99/402,629/1692,262/401,342,644,986,270,193,423,53,48,0,467,442,1423,2016/2017,LF Endesa
PERFUMERIAS AVENIDA,26,5200,1889,624/1180,122/378,746/1558,275/379,236,574,810,402,324,370,64,40,0,467,436,2132,2016/2017,LF Endesa
EMBUTIDOS PAJARIEL BEMBIBRE PDM,26,5200,1682,506/1092,144/491,650/1583,238/321,169,609,778,307,177,330,48,28,0,394,424,1648,2016/2017,LF Endesa
MANN-FILTER,26,5275,1706,450/1034,181/558,631/1592,263/379,257,595,852,286,199,359,62,47,0,487,431,1566,2016/2017,LF Endesa
LACTURALE ARASKI,26,5250,1634,463/1104,154/539,617/1643,246/362,260,592,852,296,235,384,47,42,0,415,413,1494,2016/2017,LF Endesa
C.B. AL-QÁZERES EXTREMADURA,26,5225,1755,574/1276,112/374,686/1650,271/360,249,622,871,304,190,388,58,54,0,429,431,1685,2016/2017,LF Endesa
SPAR CITYLIFT GIRONA,26,5200,1978,547/1118,193/535,740/1653,305/417,286,689,975,413,243,445,60,47,0,423,470,2199,2016/2017,LF Endesa
CAMPUS PROMETE LF1,26,5200,1792,527/1093,158/507,685/1600,264/351,198,664,862,353,164,416,23,41,0,478,441,1698,2016/2017,LF Endesa
C.R.E.F. ¡HOLA!,26,5225,1603,498/1291,117/398,615/1689,256/412,329,597,926,249,178,407,19,41,0,478,468,1287,2016/2017,LF Endesa
QUESOS EL PASTOR,26,5225,1666,530/1215,112/393,642/1608,270/387,254,585,839,301,244,408,40,60,0,470,429,1498,2016/2017,LF Endesa
QUESOS EL PASTOR DE LA POLVOROSA,26,5200,1718,484/1125,144/478,628/1603,318/424,254,621,875,331,207,425,71,35,0,487,459,1633,2015/2016,LF Endesa
SPAR GRAN CANARIA,26,5200,1745,500/1252,131/507,631/1759,352/499,349,649,998,258,194,370,57,50,0,492,463,1528,2015/2016,LF Endesa
AÑARES RIOJA ISB,26,5200,1528,405/1043,148/555,553/1598,274/424,220,497,717,246,276,475,17,77,0,479,476,1034,2015/2016,LF Endesa
IDK GIPUZKOA,26,5250,1635,505/1148,111/390,616/1538,292/378,206,623,829,359,186,394,50,46,0,446,463,1628,2015/2016,LF Endesa
EMBUTIDOS PAJARIEL BEMBIBRE PDM,26,5225,1633,458/990,148/500,606/1490,273/363,182,600,782,330,167,368,44,35,0,396,444,1627,2015/2016,LF Endesa
CADI LA SEU,26,5225,1841,524/1128,147/521,671/1649,352/456,247,518,765,307,280,376,46,41,0,446,512,1806,2015/2016,LF Endesa
PERFUMERIAS AVENIDA,26,5200,2019,605/1150,170/446,775/1596,299/404,264,658,922,422,262,424,70,26,0,432,438,2325,2015/2016,LF Endesa
CAMPUS PROMETE,26,5275,1729,535/1158,126/418,661/1576,281/393,234,614,848,365,185,468,42,44,0,488,420,1562,2015/2016,LF Endesa
C.R.E.F. ¡HOLA!,26,5250,1736,518/1226,126/389,644/1615,322/457,304,651,955,293,241,458,40,36,0,530,468,1603,2015/2016,LF Endesa
STAR CENTER-UNI FERROL,26,5250,1675,498/1078,147/494,645/1572,238/331,224,592,816,321,212,432,31,43,0,412,411,1559,2015/2016,LF Endesa
GERNIKA BIZKAIA,26,5225,1885,537/1074,165/471,702/1545,316/411,250,551,801,335,227,379,39,39,0,460,465,1936,2015/2016,LF Endesa
MANN-FILTER,26,5225,1819,495/1035,170/510,665/1545,319/442,202,587,789,367,229,380,51,45,0,482,451,1796,2015/2016,LF Endesa
SPAR CITYLIFT GIRONA,26,5200,1811,541/1071,158/448,699/1519,255/382,269,633,902,358,210,476,36,37,0,427,448,1878,2015/2016,LF Endesa
C.B. CONQUERO HUELVA WAGEN,26,5225,1921,610/1207,134/431,744/1638,299/447,271,662,933,379,181,385,67,46,0,445,477,2040,2015/2016,LF Endesa
GRAN CANARIA 2014,26,5250,1765,521/1189,137/432,658/1621,312/439,237,667,904,249,215,386,81,44,0,413,422,1703,2014/2015,LF Endesa
STAR CENTER-UNI FERROL,26,5225,1620,503/1096,141/493,644/1589,191/279,192,560,752,316,226,385,26,56,0,411,336,1391,2014/2015,LF Endesa
MANN-FILTER,26,5275,1657,527/1173,112/386,639/1559,267/384,232,554,786,303,214,370,50,64,1,483,446,1502,2014/2015,LF Endesa
C.B. AL-QÁZERES EXTREMADURA,26,5250,1573,485/1154,112/404,597/1558,267/351,290,605,895,232,136,422,46,68,0,399,413,1361,2014/2015,LF Endesa
IDK GIPUZKOA UPV,26,5275,1568,492/1153,118/428,610/1581,230/322,212,620,832,304,189,393,57,49,0,380,437,1502,2014/2015,LF Endesa
ZAMARAT,26,5250,1687,461/1146,167/513,628/1659,264/365,328,612,940,293,166,436,91,50,1,438,439,1560,2014/2015,LF Endesa
CADI LA SEU,26,5250,1664,456/1120,153/504,609/1624,293/408,252,500,752,235,313,362,49,71,0,465,466,1451,2014/2015,LF Endesa
PERFUMERIAS AVENIDA,26,5200,1907,613/1231,138/416,751/1647,267/391,294,693,987,423,287,426,87,42,0,412,398,2189,2014/2015,LF Endesa
GERNIKA BIZKAIA,26,5200,1840,580/1172,136/400,716/1572,272/371,261,574,835,331,186,399,57,47,1,456,440,1832,2014/2015,LF Endesa
SPAR CITYLIFT GIRONA,26,5225,1887,554/1133,142/437,696/1570,353/464,267,667,934,351,161,351,52,47,0,360,456,2098,2014/2015,LF Endesa
RIVAS ECOPOLIS,26,5200,1701,534/1193,113/391,647/1584,294/392,194,597,791,274,192,340,52,51,0,402,425,1607,2014/2015,LF Endesa
EMBUTIDOS PAJARIEL BEMBIBRE PDM,26,5250,1682,462/1033,173/516,635/1549,239/324,210,618,828,374,191,326,27,50,0,418,396,1705,2014/2015,LF Endesa
CAMPUS PROMETE,26,5250,1659,552/1240,83/311,635/1551,306/414,211,667,878,321,172,468,69,71,0,470,447,1513,2014/2015,LF Endesa
C.B. CONQUERO HUELVA WAGEN,26,5200,1741,586/1278,100/353,686/1631,269/359,267,613,880,371,243,358,60,60,0,442,405,1805,2014/2015,LF Endesa
PERFUMERIAS AVENIDA,22,4400,1655,555/1137,102/319,657/1456,239/326,254,612,866,316,204,355,105,39,0,387,359,1838,2013/2014,LF Endesa
RIVAS ECOPOLIS,22,4400,1544,478/1062,116/352,594/1414,240/332,227,446,673,267,221,248,53,45,0,331,375,1597,2013/2014,LF Endesa
BIZKAIA GDKO,22,4425,1261,358/934,112/387,470/1321,209/283,205,546,751,206,159,370,63,49,0,390,334,1040,2013/2014,LF Endesa
CLUB BALONCESTO CONQUERO,22,4425,1310,402/1005,99/346,501/1351,209/297,227,504,731,210,169,344,44,54,0,419,352,1061,2013/2014,LF Endesa
BEROIL - CIUDAD DE BURGOS,22,4425,1267,374/871,101/394,475/1265,216/291,221,467,688,190,184,313,36,48,0,381,362,1120,2013/2014,LF Endesa
SPAR UNIGIRONA,22,4588,1433,423/935,119/398,542/1333,230/336,228,593,821,259,189,363,38,37,0,367,355,1431,2013/2014,LF Endesa
GIPUZKOA UPV,22,4400,1367,409/988,92/324,501/1312,273/367,194,568,762,279,151,344,45,51,0,352,428,1380,2013/2014,LF Endesa
GRAN CANARIA 2014,22,4425,1560,437/937,127/399,564/1336,305/423,224,516,740,219,162,346,60,54,0,358,391,1484,2013/2014,LF Endesa
MANN-FILTER,22,4438,1410,451/1001,81/289,532/1290,265/335,230,448,678,247,184,356,38,73,0,404,382,1278,2013/2014,LF Endesa
CADI - ICG SOFTWARE,22,4450,1334,386/953,98/354,484/1307,268/375,197,495,692,203,184,330,41,37,0,398,412,1171,2013/2014,LF Endesa
EMBUTIDOS PAJARIEL BEMBIBRE PDM,22,4425,1387,398/935,131/391,529/1326,198/264,161,527,688,234,149,273,33,40,0,342,336,1309,2013/2014,LF Endesa
ALIMENTOS DE ZAMORA,22,4475,1386,382/919,114/425,496/1344,280/363,216,572,788,242,154,356,53,55,0,373,392,1300,2013/2014,LF Endesa
HONDARRIBIA - IRÚN,20,4000,1268,355/875,120/343,475/1218,198/267,153,487,640,209,151,307,49,38,0,305,323,1178,2012/2013,LF Endesa
SPAR UNIGIRONA,20,4000,1379,389/802,116/323,505/1125,253/340,175,506,681,253,166,329,50,27,0,343,342,1465,2012/2013,LF Endesa
TOYOTA RECREATIVO CONQUERO,20,4000,1307,386/827,120/363,506/1190,175/234,158,392,550,235,141,290,24,36,0,352,294,1130,2012/2013,LF Endesa
TINTOS DE TORO CAJA RURAL,20,4000,1432,447/1055,91/274,538/1329,265/354,197,482,679,227,152,281,35,26,0,361,354,1331,2012/2013,LF Endesa
C.B. BEMBIBRE PDM,20,4050,1151,368/870,92/320,460/1190,139/215,179,429,608,222,122,288,30,43,0,348,304,952,2012/2013,LF Endesa
PERFUMERIAS AVENIDA,20,4025,1485,424/852,128/371,552/1223,253/344,198,526,724,274,192,310,40,35,0,332,341,1617,2012/2013,LF Endesa
LEVITEC HUESCA LA MAGIA,34,6850,2382,606/1211,250/800,856/2011,420/599,244,768,1012,448,198,469,54,50,56,604,685,2372,2021/2022,LEB Oro
GRAN CANARIA 2014,20,4050,1323,390/853,98/335,488/1188,249/348,197,490,687,204,131,297,37,31,0,325,360,1290,2012/2013,LF Endesa
UNB OBENASA,20,4025,1218,306/755,134/413,440/1168,204/261,172,448,620,197,146,325,30,41,0,309,334,1085,2012/2013,LF Endesa
BEROIL - CIUDAD DE BURGOS,20,4000,1316,353/807,124/388,477/1195,238/325,202,404,606,194,241,303,23,43,0,343,346,1232,2012/2013,LF Endesa
RIVAS ECOPOLIS,20,4000,1490,469/997,101/255,570/1252,249/325,201,506,707,260,174,276,46,30,0,321,353,1645,2012/2013,LF Endesa
JUARISTI ISB,34,6778,2611,659/1230,298/874,957/2104,399/575,288,760,1048,428,186,463,58,64,51,682,659,2522,2021/2022,LEB Oro
LEYMA CORUÑA,34,6825,2738,685/1283,305/800,990/2083,453/652,302,811,1113,513,238,451,86,52,106,678,668,2935,2021/2022,LEB Oro
CACERES PATRIMONIO DE LA HUMANIDAD,34,6900,2607,661/1352,259/758,920/2110,508/716,295,783,1078,384,229,421,62,55,39,796,728,2473,2021/2022,LEB Oro
UNICAJA BANCO OVIEDO,34,6875,2610,692/1411,259/772,951/2183,449/620,354,796,1150,420,229,396,52,71,70,571,671,2762,2021/2022,LEB Oro
C.B. PRAT,34,6800,2615,718/1351,258/830,976/2181,405/572,320,675,995,404,244,360,61,50,107,693,608,2502,2021/2022,LEB Oro
ZUNDER PALENCIA,34,6850,2642,684/1295,270/785,954/2080,464/637,294,789,1083,406,200,427,86,59,98,629,674,2736,2021/2022,LEB Oro
MELILLA SPORT CAPITAL CLUB MELILLA BALONCESTO,34,6850,2559,622/1241,303/857,925/2098,406/576,295,742,1037,484,223,427,34,64,51,613,651,2605,2021/2022,LEB Oro
UEMC REAL VALLADOLID BALONCESTO,34,6800,2600,763/1456,237/688,1000/2144,363/502,280,764,1044,400,211,370,31,55,50,695,620,2558,2021/2022,LEB Oro
HLA ALICANTE,34,6925,2672,702/1352,267/792,969/2144,467/617,289,873,1162,526,207,434,65,89,86,701,674,2846,2021/2022,LEB Oro
ICG FORÇA LLEIDA,34,6825,2757,704/1327,296/845,1000/2172,461/625,292,826,1118,489,215,429,72,46,86,635,655,2906,2021/2022,LEB Oro
TAU CASTELLÓ,34,6900,2703,712/1342,275/812,987/2154,454/583,292,794,1086,623,208,408,61,74,59,649,674,3002,2021/2022,LEB Oro
ACUNSA GIPUZKOA,34,6875,2609,627/1217,333/906,960/2123,356/477,268,724,992,510,206,398,42,80,25,706,569,2540,2021/2022,LEB Oro
MOVISTAR ESTUDIANTES,34,6825,2691,756/1370,257/741,1013/2111,408/559,296,791,1087,571,251,397,50,60,95,664,619,2959,2021/2022,LEB Oro
BASQUET GIRONA,34,6875,2675,698/1314,278/859,976/2173,445/613,278,872,1150,462,218,398,50,47,69,676,659,2775,2021/2022,LEB Oro
ICG FORÇA LLEIDA,18,3600,1369,344/662,135/417,479/1079,276/375,155,398,553,248,119,207,14,14,15,339,366,1424,2020/2021,LEB Oro
TAU CASTELLÓ,18,3725,1437,324/633,183/454,507/1087,240/341,130,449,579,297,118,202,28,24,32,321,361,1616,2020/2021,LEB Oro
DELTECO GIPUZKOA BASKET,24,4825,1821,497/965,182/566,679/1531,281/394,214,578,792,362,201,256,72,63,38,449,447,1962,2019/2020,LEB Oro
IBEREÓLICA RENOVABLES OURENSE,16,3200,1195,295/568,132/329,427/897,209/287,116,319,435,183,79,174,15,25,9,281,313,1217,2020/2021,LEB Oro
MELILLA SPORT CAPITAL CLUB MELILLA BALONCESTO,16,3225,1196,320/616,120/347,440/963,196/285,154,353,507,205,87,198,22,27,27,378,285,1114,2020/2021,LEB Oro
CLINICA SUR-ASPASIA RVB,16,3225,1322,355/639,126/349,481/988,234/331,128,353,481,179,101,166,15,19,26,344,336,1320,2020/2021,LEB Oro
LIBERBANK OVIEDO BALONCESTO,16,3225,1269,333/644,129/319,462/963,216/306,145,341,486,201,103,171,33,17,24,306,325,1349,2020/2021,LEB Oro
RÍO BREOGÁN,16,3200,1259,341/584,114/325,455/909,235/318,117,397,514,167,107,195,8,7,11,339,320,1304,2020/2021,LEB Oro
BÀSQUET GIRONA,18,3675,1404,344/642,176/486,520/1128,188/264,130,391,521,252,132,223,21,25,13,401,309,1331,2020/2021,LEB Oro
COVIRAN GRANADA,18,3675,1413,315/584,176/487,491/1071,255/346,153,408,561,260,118,231,40,19,22,336,369,1523,2020/2021,LEB Oro
B THE TRAVEL BRAND MALLORCA-PALMA,24,4825,1839,429/851,217/632,646/1483,330/441,228,622,850,354,154,319,68,57,24,509,491,1923,2019/2020,LEB Oro
CHOCOLATES TRAPA PALENCIA,24,4825,1980,509/953,205/545,714/1498,347/436,224,572,796,397,129,263,48,69,50,440,485,2190,2019/2020,LEB Oro
TAU CASTELLÓ,24,4850,1901,453/923,215/578,668/1501,350/502,208,584,792,382,179,300,76,52,56,475,501,2019,2019/2020,LEB Oro
CB ALMANSA CON AFANION,18,3625,1390,361/640,145/409,506/1049,233/322,134,399,533,284,125,227,15,15,23,386,353,1455,2020/2021,LEB Oro
LEVITEC HUESCA,18,3625,1259,269/535,178/522,447/1057,187/259,139,390,529,221,105,240,12,15,23,378,314,1140,2020/2021,LEB Oro
LIBERBANK OVIEDO BALONCESTO,24,4825,1682,388/786,198/623,586/1409,312/416,163,606,769,383,129,318,56,52,16,494,466,1694,2019/2020,LEB Oro
LEVITEC HUESCA,24,4800,1760,452/966,186/541,638/1507,298/405,201,598,799,331,157,306,44,79,17,465,478,1743,2019/2020,LEB Oro
AFANION CB ALMANSA,24,4875,1838,473/1037,171/531,644/1568,379/516,277,552,829,353,186,287,28,77,16,464,503,1848,2019/2020,LEB Oro
LECHE RIO BREOGAN,24,4825,1950,466/899,255/657,721/1556,253/356,239,569,808,417,192,285,67,53,30,543,459,2074,2019/2020,LEB Oro
HLA ALICANTE,24,4825,1931,515/929,184/586,699/1515,349/458,212,584,796,367,189,317,105,49,54,498,491,2090,2019/2020,LEB Oro
ZTE REAL CANOE N.C.,24,4800,1844,455/925,204/626,659/1551,322/445,236,523,759,351,170,268,70,25,55,481,489,1894,2019/2020,LEB Oro
CLUB MELILLA BALONCESTO,24,4850,1827,495/977,193/562,688/1539,258/389,281,616,897,446,170,312,79,42,40,507,438,2014,2019/2020,LEB Oro
COVIRAN GRANADA,24,4800,1734,408/905,196/572,604/1477,330/438,273,578,851,342,170,260,43,52,40,523,493,1817,2019/2020,LEB Oro
CLUB OURENSE BALONCESTO,24,4800,1710,420/790,212/596,632/1386,234/347,184,555,739,369,135,308,36,56,33,427,459,1790,2019/2020,LEB Oro
MARIN ENCE PEIXE GALEGO,24,4800,1610,435/975,157/535,592/1510,269/403,228,556,784,253,149,286,61,54,44,501,435,1399,2019/2020,LEB Oro
CARRAMIMBRE CBC VALLADOLID,24,4875,1917,454/949,209/634,663/1583,382/520,269,577,846,302,173,227,43,54,19,493,525,1974,2019/2020,LEB Oro
ICG FORÇA LLEIDA,24,4850,1749,456/943,195/572,651/1515,252/358,224,581,805,318,133,315,70,51,33,457,434,1716,2019/2020,LEB Oro
LEYMA CORUÑA,24,4825,1782,464/926,174/571,638/1497,332/480,246,606,852,375,170,297,78,50,58,494,484,1893,2019/2020,LEB Oro
CACERES PATRIMONIO DE LA HUMANIDAD,24,4825,1837,422/858,206/612,628/1470,375/532,237,560,797,283,179,288,24,53,14,455,547,1872,2019/2020,LEB Oro
LEVITEC HUESCA,34,6875,2596,682/1373,281/765,963/2138,389/522,251,885,1136,552,237,473,116,100,63,658,586,2684,2018/2019,LEB Oro
CLUB MELILLA BALONCESTO,34,6850,2536,735/1446,226/673,961/2119,388/543,327,860,1187,480,253,447,82,85,86,618,608,2683,2018/2019,LEB Oro
ZTE REAL CANOE N.C.,34,6875,2321,657/1410,214/734,871/2144,365/546,305,770,1075,439,219,455,80,71,47,574,657,2237,2018/2019,LEB Oro
RIO OURENSE TERMAL,34,6800,2528,647/1325,268/753,915/2078,430/611,319,812,1131,478,281,440,100,81,108,551,622,2724,2018/2019,LEB Oro
COVIRAN GRANADA,34,6850,2540,600/1233,287/820,887/2053,479/626,363,862,1225,459,205,406,56,80,16,640,708,2754,2018/2019,LEB Oro
LIBERBANK OVIEDO BALONCESTO,34,6850,2607,600/1129,352/910,952/2039,351/484,249,890,1139,563,183,448,88,53,46,677,613,2795,2018/2019,LEB Oro
C.B. PRAT,34,6875,2420,623/1320,263/831,886/2151,385/516,319,680,999,443,258,448,82,95,39,659,631,2235,2018/2019,LEB Oro
CHOCOLATES TRAPA PALENCIA,34,6900,2683,770/1519,231/667,1001/2186,450/626,317,835,1152,539,263,435,74,107,51,598,692,2902,2018/2019,LEB Oro
CARRAMIMBRE CBC VALLADOLID,34,6875,2658,726/1493,250/734,976/2227,456/618,359,832,1191,452,220,374,61,87,30,666,672,2714,2018/2019,LEB Oro
TAU CASTELLÓ,34,6825,2568,672/1351,279/836,951/2187,387/517,309,842,1151,566,270,456,88,92,46,583,608,2754,2018/2019,LEB Oro
REAL BETIS ENERGIA PLUS,34,6850,2795,682/1276,334/847,1016/2123,429/549,313,819,1132,495,280,398,93,76,56,599,604,3099,2018/2019,LEB Oro
RETABET BILBAO BASKET,34,6850,2626,693/1279,289/935,982/2214,373/525,333,827,1160,582,280,366,102,68,83,661,599,2870,2018/2019,LEB Oro
ICG FORÇA LLEIDA,34,6825,2498,660/1353,275/870,935/2223,353/490,376,780,1156,482,248,408,103,82,51,617,582,2537,2018/2019,LEB Oro
BARÇA LASSA,34,6875,2384,582/1219,291/947,873/2166,347/509,343,752,1095,480,248,497,111,75,59,699,613,2205,2018/2019,LEB Oro
CACERES PATRIMONIO DE LA HUMANIDAD,34,6875,2388,592/1242,287/831,879/2073,343/435,269,733,1002,419,258,438,52,66,25,613,567,2283,2018/2019,LEB Oro
IBEROJET PALMA,34,6900,2664,701/1282,284/807,985/2089,410/567,310,793,1103,491,236,398,59,58,70,608,622,2850,2018/2019,LEB Oro
SÁENZ HORECA ARABERRI,34,6825,2516,689/1418,258/853,947/2271,364/543,373,790,1163,382,233,424,86,102,48,608,610,2353,2018/2019,LEB Oro
LEYMA CORUÑA,34,6875,2596,665/1384,312/901,977/2285,330/431,337,819,1156,517,239,424,82,94,43,605,555,2613,2018/2019,LEB Oro
CB PRAT,34,6825,2504,658/1270,261/830,919/2100,405/596,360,789,1149,401,239,372,114,75,69,563,652,2677,2017/2018,LEB Oro
ACTEL FORÇA LLEIDA,34,6825,2530,695/1391,241/667,936/2058,417/545,285,731,1016,420,195,373,85,80,36,670,616,2489,2017/2018,LEB Oro
ICL MANRESA,34,6800,2683,750/1386,249/770,999/2156,436/603,345,804,1149,506,263,381,110,77,53,704,679,2904,2017/2018,LEB Oro
UNION FINANCIERA BALONCESTO OVIEDO,34,6800,2597,659/1244,279/795,938/2039,442/661,295,787,1082,479,222,385,90,71,64,680,672,2686,2017/2018,LEB Oro
CAFES CANDELAS BREOGAN,34,6800,2958,814/1498,280/733,1094/2231,490/617,322,832,1154,581,305,392,73,93,80,671,680,3331,2017/2018,LEB Oro
CLUB MELILLA BALONCESTO,34,6825,2534,660/1211,295/833,955/2044,329/482,283,859,1142,517,182,387,89,54,82,585,593,2789,2017/2018,LEB Oro
CB. CLAVIJO,34,6800,2523,711/1434,239/769,950/2203,384/549,394,691,1085,441,318,431,79,110,34,653,594,2428,2017/2018,LEB Oro
TAU CASTELLO,34,6875,2629,730/1453,251/749,981/2202,416/569,361,855,1216,555,258,475,74,85,46,642,643,2799,2017/2018,LEB Oro
IBEROSTAR PALMA,34,6800,2495,598/1163,333/873,931/2036,300/399,250,750,1000,445,202,362,51,48,21,641,570,2508,2017/2018,LEB Oro
CACERES PATRIMONIO DE LA HUMANIDAD,34,6850,2575,594/1189,318/838,912/2027,433/560,268,757,1025,512,262,465,59,86,29,618,629,2651,2017/2018,LEB Oro
LEYMA CORUÑA,34,6800,2591,618/1283,311/859,929/2142,422/548,299,743,1042,544,208,374,89,72,35,668,636,2657,2017/2018,LEB Oro
CARRAMIMBRE CBC VALLADOLID,34,6800,2628,698/1416,253/680,951/2096,473/651,306,773,1079,435,215,393,92,98,61,661,691,2665,2017/2018,LEB Oro
CHOCOLATES TRAPA PALENCIA,34,6800,2547,690/1437,248/713,938/2150,423/572,324,775,1099,459,236,327,58,70,20,673,629,2597,2017/2018,LEB Oro
SÁENZ HORECA ARABERRI,34,6800,2821,802/1635,267/690,1069/2325,416/569,361,775,1136,475,242,369,83,103,52,657,605,2824,2017/2018,LEB Oro
FUTBOL CLUB BARCELONA LASSA,34,6825,2575,689/1422,243/771,932/2193,468/658,355,823,1178,463,238,436,98,68,74,590,679,2686,2017/2018,LEB Oro
SAMMIC HOSTELERIA,34,6825,2422,605/1252,278/796,883/2048,378/520,278,762,1040,400,163,415,58,77,39,608,643,2319,2017/2018,LEB Oro
LEVITEC HUESCA,34,6825,2402,635/1323,248/749,883/2072,388/542,296,691,987,418,297,388,90,66,30,615,654,2436,2017/2018,LEB Oro
RIO OURENSE TERMAL,34,6825,2541,688/1324,243/795,931/2119,436/590,352,798,1150,404,215,444,77,82,35,670,640,2489,2017/2018,LEB Oro
CB PRAT,34,6850,2626,648/1301,308/867,956/2168,406/519,283,720,1003,485,282,445,72,78,7,689,634,2565,2016/2017,LEB Oro
CALZADOS ROBUSTA,34,6875,2614,669/1306,281/777,950/2083,433/596,300,720,1020,442,211,377,84,61,74,697,640,2580,2016/2017,LEB Oro
CACERES PATRIMONIO DE LA HUMANIDAD,34,6850,2568,592/1212,311/820,903/2032,451/604,309,717,1026,412,209,447,60,67,29,574,687,2592,2016/2017,LEB Oro
CAFES CANDELAS BREOGAN,34,6900,3030,823/1483,306/823,1129/2306,466/622,363,817,1180,527,281,382,62,102,45,720,684,3227,2016/2017,LEB Oro
OURENSE PROVINCIA TERMAL,34,6850,2586,652/1192,307/804,959/1996,361/546,266,802,1068,405,227,485,59,75,34,668,637,2532,2016/2017,LEB Oro
SAN PABLO INMOBILIARIA BURGOS,34,6800,2787,674/1252,352/926,1026/2178,383/498,311,866,1177,576,248,405,65,73,49,632,603,3079,2016/2017,LEB Oro
SÁENZ HORECA ARABERRI,34,6850,2664,650/1249,315/876,965/2125,419/568,313,687,1000,435,224,293,51,75,17,625,695,2767,2016/2017,LEB Oro
RETABET.ES GBC,34,6800,2600,657/1343,319/948,976/2291,329/455,380,862,1242,473,268,439,70,76,35,651,596,2642,2016/2017,LEB Oro
MAGIA HUESCA,34,6900,2453,651/1323,256/789,907/2112,383/533,337,708,1045,474,247,472,79,78,13,682,671,2382,2016/2017,LEB Oro
MARIN PEIXEGALEGO,34,6875,2479,647/1280,258/786,905/2066,411/580,255,700,955,420,246,418,68,84,19,682,674,2328,2016/2017,LEB Oro
ACTEL FORÇA LLEIDA,34,6825,2612,709/1420,262/737,971/2157,408/565,336,779,1115,454,240,400,96,90,49,705,620,2599,2016/2017,LEB Oro
PALMA AIR EUROPA,34,6825,2708,588/1184,376/939,964/2123,404/532,295,781,1076,452,207,397,58,70,26,584,632,2795,2016/2017,LEB Oro
QUESOS CERRATO PALENCIA,34,6825,2779,750/1452,260/711,1010/2163,499/632,316,804,1120,441,241,394,103,94,36,623,692,2979,2016/2017,LEB Oro
CLUB MELILLA BALONCESTO,34,6900,2642,655/1165,306/883,961/2048,414/564,277,821,1098,525,257,453,87,58,39,658,659,2862,2016/2017,LEB Oro
LEYMA CORUÑA,34,6800,2748,687/1307,330/836,1017/2143,384/516,258,841,1099,526,201,437,86,84,31,667,656,2870,2016/2017,LEB Oro
TAU CASTELLÓ,34,6800,2706,702/1403,294/776,996/2179,420/576,325,764,1089,554,275,445,90,78,38,651,644,2845,2016/2017,LEB Oro
F.C. BARCELONA LASSA,34,6800,2538,681/1382,250/775,931/2157,426/623,391,814,1205,450,198,502,119,65,63,630,685,2575,2016/2017,LEB Oro
UNION FINANCIERA BALONCESTO OVIEDO,34,6925,2741,626/1227,333/903,959/2130,490/659,301,814,1115,528,230,400,96,54,77,747,697,2866,2016/2017,LEB Oro
ACTEL FORÇA LLEIDA,30,6075,2161,563/1202,216/685,779/1887,387/553,305,681,986,327,197,412,47,70,38,669,595,1888,2015/2016,LEB Oro
CB PRAT JOVENTUT,30,6000,2105,553/1216,213/693,766/1909,360/484,281,648,929,348,260,425,79,76,15,612,576,1917,2015/2016,LEB Oro
UNION FINANCIERA BALONCESTO OVIEDO,30,6075,2286,539/1023,281/810,820/1833,365/495,265,662,927,418,184,371,25,49,19,647,584,2214,2015/2016,LEB Oro
OURENSE PROVINCIA TERMAL,30,6050,2229,587/1106,225/697,812/1803,380/530,319,629,948,312,237,435,63,55,35,575,551,2134,2015/2016,LEB Oro
QUESOS CERRATO PALENCIA,30,6050,2407,701/1365,187/552,888/1917,444/602,300,742,1042,393,257,371,74,66,36,568,614,2595,2015/2016,LEB Oro
COCINAS.COM,30,6025,2351,569/1138,250/733,819/1871,463/625,312,651,963,420,264,379,82,67,61,582,619,2457,2015/2016,LEB Oro
PLANASA NAVARRA,30,6075,2177,535/1061,246/749,781/1810,369/515,245,691,936,342,175,408,55,62,17,599,581,2022,2015/2016,LEB Oro
CLUB MELILLA BALONCESTO,30,6025,2427,655/1176,253/659,908/1835,358/474,286,736,1022,487,205,427,91,60,45,561,545,2686,2015/2016,LEB Oro
CAFES CANDELAS BREOGAN,30,6075,2315,605/1186,243/704,848/1890,376/532,286,657,943,414,282,395,76,61,39,673,559,2262,2015/2016,LEB Oro
SAN PABLO INMOBILIARIA BURGOS,30,6075,2290,581/1142,261/708,842/1850,345/482,262,715,977,424,213,347,68,68,37,611,544,2345,2015/2016,LEB Oro
PALMA AIR EUROPA,30,6025,2309,555/1050,297/790,852/1840,308/421,277,693,970,456,178,372,81,49,27,518,540,2494,2015/2016,LEB Oro
AMICS CASTELLÓ,30,6025,2406,663/1266,205/567,868/1833,465/623,248,678,926,398,240,461,56,84,63,585,650,2423,2015/2016,LEB Oro
F.C. BARCELONA LASSA,30,6000,2271,562/1147,260/845,822/1992,367/497,343,716,1059,371,170,384,83,59,33,544,601,2268,2015/2016,LEB Oro
CACERES PATRIMONIO DE LA HUMANIDAD,30,6050,2164,526/1103,248/718,774/1821,368/492,293,707,1000,425,202,413,52,70,40,484,594,2299,2015/2016,LEB Oro
LEYMA BASQUET CORUÑA,30,6025,2424,642/1194,248/637,890/1831,396/533,267,704,971,474,185,419,58,69,43,598,590,2538,2015/2016,LEB Oro
PEÑAS HUESCA,30,6000,2252,642/1226,211/663,853/1889,335/467,331,665,996,425,271,464,69,73,27,559,581,2330,2015/2016,LEB Oro
LEYMA BASQUET CORUÑA,28,5600,1928,506/1043,200/616,706/1659,316/450,317,599,916,366,187,436,67,63,28,522,530,1886,2014/2015,LEB Oro
RIBEIRA SACRA BREOGAN LUGO,28,5625,2110,547/1065,197/633,744/1698,425/625,303,644,947,389,261,412,75,33,53,582,603,2204,2014/2015,LEB Oro
FORD BURGOS,28,5625,2283,579/1072,247/642,826/1714,384/518,298,686,984,416,265,383,72,50,46,477,552,2640,2014/2015,LEB Oro
INSTITUTO DE FERTILIDAD CLÍNICAS RINCÓN,28,5600,1859,475/947,203/665,678/1612,300/431,273,599,872,325,199,476,70,23,38,538,516,1739,2014/2015,LEB Oro
MYWIGO VALLADOLID,28,5600,2053,580/1149,185/562,765/1711,338/506,270,660,930,387,213,404,56,74,30,541,568,2074,2014/2015,LEB Oro
COCINAS.COM,28,5625,2034,581/1158,177/550,758/1708,341/471,276,559,835,393,213,333,40,70,41,560,526,1998,2014/2015,LEB Oro
CB PRAT JOVENTUT,28,5625,1904,517/1115,185/647,702/1762,315/451,269,623,892,301,214,391,75,58,31,530,553,1764,2014/2015,LEB Oro
PEÑAS HUESCA,28,5600,2026,572/1143,191/566,763/1709,309/456,308,546,854,402,224,467,82,62,25,477,526,2015,2014/2015,LEB Oro
INSTITUTO DE FERTILIDAD CLÍNICAS RINCÓN,26,5200,1814,451/943,204/616,655/1559,300/421,273,541,814,327,226,386,89,29,49,523,532,1839,2013/2014,LEB Oro
UNION FINANCIERA BALONCESTO OVIEDO,28,5600,2108,544/1082,236/703,780/1785,312/443,266,622,888,409,222,398,54,43,33,570,504,2038,2014/2015,LEB Oro
PLANASA NAVARRA,28,5600,1942,477/971,208/611,685/1582,364/501,215,602,817,310,228,379,50,41,27,525,557,1925,2014/2015,LEB Oro
ACTEL FORÇA LLEIDA,28,5600,1897,477/974,202/693,679/1667,337/475,284,670,954,394,203,373,67,49,35,568,551,1950,2014/2015,LEB Oro
CLUB OURENSE BALONCESTO,28,5600,2163,563/1013,259/691,822/1704,260/363,241,617,858,355,256,383,57,49,50,526,482,2228,2014/2015,LEB Oro
QUESOS CERRATO PALENCIA,28,5625,2027,545/1095,206/615,751/1710,319/451,297,696,993,381,205,408,63,76,25,539,545,2100,2014/2015,LEB Oro
PALMA AIR EUROPA,28,5650,2110,584/1200,212/600,796/1800,306/415,269,616,885,314,249,351,57,50,22,528,472,2045,2014/2015,LEB Oro
PLANASA NAVARRA,26,5225,1789,452/1008,205/602,657/1610,270/367,239,516,755,280,194,397,30,72,9,535,500,1494,2013/2014,LEB Oro
RIBEIRA SACRA BREOGAN LUGO,26,5225,1973,572/1112,173/531,745/1643,310/403,260,596,856,340,247,331,80,18,57,475,492,2173,2013/2014,LEB Oro
COCINAS.COM,26,5200,1962,521/1046,196/537,717/1583,332/437,238,579,817,419,203,344,67,34,42,508,479,2090,2013/2014,LEB Oro
PEÑAS HUESCA,26,5275,1874,514/990,180/553,694/1543,306/431,257,583,840,346,192,381,73,37,20,496,514,1951,2013/2014,LEB Oro
B.C. RIVER ANDORRA MORABANC,26,5202,2210,573/1036,236/610,809/1646,356/470,217,611,828,426,213,283,72,56,42,501,513,2471,2013/2014,LEB Oro
FUTBOL CLUB BARCELONA,26,5200,1702,466/1021,161/514,627/1535,287/423,284,563,847,265,184,438,65,56,40,583,470,1412,2013/2014,LEB Oro
LEYMA NATURA BASQUET CORUÑA,26,5225,1895,503/1032,191/506,694/1538,316/472,250,616,866,311,152,355,90,55,50,404,494,1994,2013/2014,LEB Oro
FORÇA LLEIDA CLUB ESPORTIU,26,5250,1970,528/1034,195/570,723/1604,329/440,257,569,826,354,213,386,85,49,38,548,524,1997,2013/2014,LEB Oro
CLUB MELILLA BALONCESTO,26,5200,1880,503/1010,204/543,707/1553,262/359,232,636,868,315,135,367,55,46,24,502,459,1854,2013/2014,LEB Oro
FORD BURGOS,26,5200,2086,555/1063,204/578,759/1641,364/501,306,581,887,372,222,350,65,56,50,508,521,2220,2013/2014,LEB Oro
QUESOS CERRATO PALENCIA,26,5200,1918,480/1015,196/550,676/1565,370/522,265,593,858,349,204,363,47,76,28,499,546,1943,2013/2014,LEB Oro
OURENSE TERMAL,26,5225,1811,461/968,194/582,655/1550,307/414,255,541,796,240,213,384,44,64,25,451,484,1687,2013/2014,LEB Oro
UNION FINANCIERA BALONCESTO OVIEDO,26,5225,2038,479/915,250/661,729/1576,330/460,223,545,768,388,204,358,52,33,33,521,490,2051,2013/2014,LEB Oro
PLANASA NAVARRA,26,5225,1897,523/1054,179/494,702/1548,314/470,208,595,803,306,164,407,56,46,20,460,502,1813,2012/2013,LEB Oro
CACERES PATRIMONIO DE LA HUMANIDAD,26,5250,1921,560/1088,156/518,716/1606,333/507,275,585,860,331,238,444,53,76,67,450,503,1872,2012/2013,LEB Oro
C.B. BREOGAN LUGO,26,5225,1845,482/992,187/563,669/1555,320/424,227,592,819,323,206,351,97,21,46,450,470,1948,2012/2013,LEB Oro
KNET,26,5275,2008,560/1088,163/490,723/1578,399/547,272,588,860,366,177,373,64,34,28,494,569,2140,2012/2013,LEB Oro
B.C. RIVER ANDORRA,26,5200,2080,535/1013,200/596,735/1609,410/548,216,587,803,367,243,311,68,35,40,540,538,2201,2012/2013,LEB Oro
C. OURENSE BALONCESTO SAD,26,5200,1890,512/962,210/523,722/1485,236/339,204,521,725,308,220,442,44,43,27,513,419,1742,2012/2013,LEB Oro
CLUB MELILLA BALONCESTO,26,5225,2027,543/1016,197/566,740/1582,350/445,230,610,840,433,151,366,41,34,19,437,515,2233,2012/2013,LEB Oro
PALENCIA BALONCESTO,26,5200,2078,595/1155,170/469,765/1624,378/507,253,551,804,387,243,358,50,53,40,532,524,2155,2012/2013,LEB Oro
LUCENTUM ALICANTE,26,5325,2066,508/977,239/631,747/1608,333/460,225,613,838,381,226,346,56,17,13,514,507,2209,2012/2013,LEB Oro
LOBE HUESCA,26,5200,1874,531/1076,163/520,694/1596,323/447,275,521,796,303,234,436,57,65,20,595,485,1627,2012/2013,LEB Oro
FORÇA LLEIDA CLUB ESPORTIU,26,5200,1929,525/1046,193/568,718/1614,300/424,244,592,836,361,193,362,73,44,35,502,493,1957,2012/2013,LEB Oro
LEYMA NATURA BASQUET CORUÑA,26,5200,1841,518/1080,154/448,672/1528,343/453,250,539,789,302,220,415,66,42,28,550,486,1731,2012/2013,LEB Oro
FORD BURGOS,26,5225,2163,577/1064,220/599,797/1663,349/477,308,561,869,383,277,333,58,46,46,447,510,2440,2012/2013,LEB Oro
FC BARCELONA REGAL,26,5250,1971,451/935,259/664,710/1599,292/382,232,555,787,319,221,428,69,50,46,532,464,1842,2012/2013,LEB Oro
REAL CANOE N.C.,26,5225,2124,505/1040,246/712,751/1752,376/587,267,690,957,405,188,420,43,63,82,521,540,2104,2021/2022,LEB Plata
SANT ANTONI IBIZA FEELING,26,5225,1971,537/1015,203/702,740/1717,288/448,279,672,951,393,229,375,56,40,50,565,480,2003,2021/2022,LEB Plata
EL VENTERO CBV,25,5000,1830,465/866,197/615,662/1481,309/433,174,579,753,354,175,351,13,24,18,479,473,1825,2021/2022,LEB Plata
DECOLOR FUNDACION GLOBALCAJA LA RODA,26,5250,1904,515/1046,182/581,697/1627,328/464,217,630,847,336,202,335,50,43,35,476,493,1955,2021/2022,LEB Plata
FC CARTAGENA CB,26,5225,2019,456/879,237/686,693/1565,396/537,217,644,861,332,166,316,35,32,20,408,502,2178,2021/2022,LEB Plata
VALENCIA BC,26,5250,2038,506/998,227/744,733/1742,345/512,276,637,913,404,268,436,49,53,25,546,535,2049,2021/2022,LEB Plata
SAFIR FRUITS ALGINET,26,5225,1826,485/1022,196/700,681/1722,268/413,254,736,990,345,181,401,67,48,34,504,452,1770,2021/2022,LEB Plata
HERBALIFE GRAN CANARIA,26,5250,1944,487/1037,210/690,697/1727,340/505,255,661,916,314,234,411,34,45,39,516,491,1811,2021/2022,LEB Plata
MI ARQUITECTO C.B. BENICARLO,26,5250,1895,473/948,196/652,669/1600,361/508,220,695,915,355,227,398,73,38,66,445,502,2046,2021/2022,LEB Plata
BUENO ARENAS ALBACETE BASKET,26,5250,2058,496/1004,225/688,721/1692,391/553,215,746,961,319,215,342,37,50,30,482,526,2159,2021/2022,LEB Plata
HESTIA MENORCA,26,5200,1971,444/911,245/813,689/1724,348/488,342,663,1005,344,203,362,58,53,29,612,466,1898,2021/2022,LEB Plata
CB. CORNELLÀ,26,5250,1902,524/1036,175/610,699/1646,329/475,237,658,895,340,192,386,34,44,42,502,502,1884,2021/2022,LEB Plata
ZENTRO BASKET MADRID,25,5125,1974,562/1140,182/585,744/1725,304/481,289,686,975,405,207,455,72,55,107,498,451,1973,2021/2022,LEB Plata
RECAMBIOS GAUDÍ CB MOLLET,26,5275,2060,549/1114,193/655,742/1769,383/552,250,619,869,310,245,320,22,51,17,549,543,1984,2021/2022,LEB Plata
DAMEX UDEA ALGECIRAS,26,5225,1918,541/1103,161/562,702/1665,353/508,262,578,840,319,177,402,40,44,18,530,521,1765,2021/2022,LEB Plata
ENERPARKING BASKET NAVARRA,25,5025,1956,488/974,201/637,689/1611,377/484,252,596,848,336,200,393,47,41,41,509,476,1932,2021/2022,LEB Plata
REINA YOGUR CLAVIJO CB,26,5225,1972,488/889,233/667,721/1556,297/428,204,574,778,448,197,374,30,36,39,515,467,2037,2021/2022,LEB Plata
CB MARBELLA,26,5200,1763,448/955,200/650,648/1605,267/438,224,605,829,326,169,351,27,31,33,521,459,1573,2021/2022,LEB Plata
AQUIMISA CARBAJOSA EMPRESARIAL,26,5250,1875,453/984,208/679,661/1663,345/477,251,545,796,289,215,369,35,51,47,505,501,1703,2021/2022,LEB Plata
HEREDA CLUB OURENSE BALONCESTO,26,5250,1951,446/890,237/659,683/1549,348/455,200,663,863,426,163,328,48,35,26,513,466,2103,2021/2022,LEB Plata
CLINICA PONFERRADA CDP,26,5275,2042,494/941,247/800,741/1741,313/449,238,623,861,398,258,355,52,35,25,508,485,2097,2021/2022,LEB Plata
MELILLA SPORT CAPITAL ENRIQUE SOLER,26,5224,2099,526/1015,237/674,763/1689,336/498,274,623,897,423,168,376,64,43,73,463,513,2237,2021/2022,LEB Plata
CLUB BALONCESTO MORÓN,26,5225,1884,500/1003,188/628,688/1631,320/469,265,618,883,294,202,345,24,55,35,523,506,1833,2021/2022,LEB Plata
CÍRCULO GIJÓN BALONCESTO,26,5325,1981,519/1040,189/579,708/1619,376/538,221,642,863,321,129,317,66,54,49,457,527,2040,2021/2022,LEB Plata
TEKNEI BIZKAIA ZORNOTZA,26,5225,1912,442/888,210/686,652/1574,398/547,224,620,844,383,172,332,19,45,13,503,548,1972,2021/2022,LEB Plata
TIZONA UNIVERSIDAD DE BURGOS,25,5049,1996,499/908,208/661,707/1569,374/511,264,624,888,369,214,379,41,28,61,503,499,2126,2021/2022,LEB Plata
ZAMORA ENAMORA,26,5250,1912,441/918,217/632,658/1550,379/502,215,629,844,286,178,363,47,34,32,506,490,1873,2021/2022,LEB Plata
GRUPO ALEGA CANTABRIA CBT,26,5200,2033,512/935,214/633,726/1568,367/491,224,596,820,402,230,306,27,35,40,545,504,2199,2021/2022,LEB Plata
HESTIA MENORCA,26,5200,1893,457/886,209/615,666/1501,352/467,209,663,872,389,204,366,43,32,36,470,520,2135,2020/2021,LEB Plata
HOZONO GLOBAL JAIRIS,26,5225,1757,438/897,182/594,620/1491,335/493,204,621,825,262,174,360,46,43,45,484,531,1722,2020/2021,LEB Plata
GRAN CANARIA,26,5200,1969,488/986,230/726,718/1712,303/414,229,566,795,358,230,369,37,54,41,465,442,1892,2020/2021,LEB Plata
ENERPARKING BASKET NAVARRA,26,5200,1810,468/999,213/668,681/1667,235/356,247,636,883,341,214,415,60,38,30,493,438,1731,2020/2021,LEB Plata
IBERSOL CB TARRAGONA,26,5200,1765,433/878,216/660,649/1538,251/360,195,615,810,342,182,411,39,51,23,504,458,1683,2020/2021,LEB Plata
C.B. PRAT,26,5250,2192,558/1056,237/716,795/1772,365/483,304,602,906,398,234,344,59,35,48,536,468,2282,2020/2021,LEB Plata
BARÇA,26,5200,1944,515/985,198/640,713/1625,320/441,248,754,1002,383,211,429,70,47,83,454,479,2173,2020/2021,LEB Plata
MI ARQUITECTO C.B. BENICARLO,26,5300,1861,476/1071,196/668,672/1739,321/465,278,587,865,297,247,350,31,60,22,463,508,1785,2020/2021,LEB Plata
CB CORNELLA,26,5200,1706,489/1085,142/525,631/1610,302/468,278,631,909,270,190,474,32,40,31,479,519,1528,2020/2021,LEB Plata
TORRONS VICENS - C.B. L´HOSPITALET,26,5225,1674,466/1028,157/555,623/1583,271/419,202,593,795,277,211,373,21,42,17,464,471,1504,2020/2021,LEB Plata
CLUB BÀSQUET PARDINYES LLEIDA,26,5225,1904,458/919,233/765,691/1684,289/416,229,619,848,371,234,391,26,26,32,544,480,1808,2020/2021,LEB Plata
ALBACETE BASKET,26,5225,1889,489/986,203/666,692/1652,302/438,212,686,898,338,193,382,38,50,15,473,477,1882,2020/2021,LEB Plata
EL VENTERO CBV,26,5225,1807,463/912,197/613,660/1525,290/445,231,560,791,322,214,418,24,24,40,541,482,1661,2020/2021,LEB Plata
FUNDACION GLOBALCAJA LA RODA,26,5275,1848,504/1053,197/638,701/1691,249/377,210,670,880,348,213,321,60,43,26,498,448,1860,2020/2021,LEB Plata
CB MARBELLA,26,5275,1923,507/997,211/639,718/1636,276/414,212,625,837,368,175,360,51,29,22,508,475,1905,2020/2021,LEB Plata
CÍRCULO GIJÓN BALONCESTO,26,5225,2037,477/973,267/678,744/1651,282/384,239,604,843,349,167,322,25,33,14,423,482,2149,2020/2021,LEB Plata
ZENTRO BASKET MADRID,26,5250,2009,589/1058,172/563,761/1621,315/448,257,620,877,371,168,369,55,37,51,477,487,2128,2020/2021,LEB Plata
AQUIMISA CARBAJOSA,26,5250,1823,516/1049,180/630,696/1679,251/367,245,636,881,340,199,324,42,54,16,487,428,1803,2020/2021,LEB Plata
GRUPO ALEGA CANTABRIA,26,5250,2099,538/1027,235/650,773/1677,318/433,254,642,896,378,199,360,41,28,48,572,447,2109,2020/2021,LEB Plata
C.B. MORON,25,5050,1835,491/925,186/507,677/1432,295/396,153,481,634,321,113,315,27,21,30,460,453,1752,2020/2021,LEB Plata
INNOVA CHEF,26,5275,1901,522/1033,178/577,700/1610,323/455,195,647,842,293,133,303,39,34,46,466,445,1842,2020/2021,LEB Plata
ZORNOTZA SASKIBALOI TALDEA,26,5200,2020,536/1013,203/639,739/1652,339/491,267,635,902,343,204,344,44,38,46,473,502,2133,2020/2021,LEB Plata
ENERDRINK UDEA ALGECIRAS DAM,26,5250,1835,521/1049,164/569,685/1618,301/460,275,549,824,322,226,387,28,37,31,465,477,1768,2020/2021,LEB Plata
CAT&REST CLINICA PONFERRADA CDP,25,5050,2021,497/996,244/667,741/1663,295/457,255,557,812,359,220,365,38,47,49,522,460,1939,2020/2021,LEB Plata
REINA YOGUR CLAVIJO CB,26,5200,1992,505/968,222/639,727/1607,316/430,236,565,801,402,213,376,35,46,34,530,506,2049,2020/2021,LEB Plata
NCS ALCOBENDAS,26,5225,1850,484/958,189/606,673/1564,315/486,199,521,720,363,174,336,26,46,23,460,489,1764,2020/2021,LEB Plata
JUARISTI ISB,26,5250,2136,554/967,234/650,788/1617,326/453,224,574,798,362,189,324,40,34,32,475,477,2247,2020/2021,LEB Plata
MELILLA SPORT CAPITAL ENRIQUE SOLER,26,5200,1909,532/1017,180/590,712/1607,305/444,242,555,797,386,195,366,34,32,44,441,482,1962,2020/2021,LEB Plata
CAT&REST INTRAGAS-CLIMA CDP,3,625,228,68/141,22/60,90/201,26/36,28,70,98,39,28,39,5,12,6,63,55,218,2019/2020,LEB Plata
C.B. PRAT,3,625,226,68/123,17/83,85/206,39/57,28,76,104,49,34,41,11,9,10,62,53,226,2019/2020,LEB Plata
UBU TIZONA,3,600,214,65/130,13/59,78/189,45/50,29,64,93,34,25,44,5,7,3,61,54,197,2019/2020,LEB Plata
REAL MURCIA BALONCESTO,3,600,259,50/96,35/89,85/185,54/73,40,78,118,47,16,40,5,6,0,48,71,303,2019/2020,LEB Plata
ENERDRINK UDEA ALGECIRAS,3,625,246,78/141,17/64,95/205,39/57,30,87,117,59,24,41,9,7,17,65,65,279,2019/2020,LEB Plata
IGUALATORIO CANTABRIA ESTELA,3,600,197,53/130,20/87,73/217,31/42,44,60,104,37,20,26,11,11,6,64,48,161,2019/2020,LEB Plata
INNOVA CHEF,3,625,215,60/133,16/57,76/190,47/71,43,89,132,36,21,48,8,6,12,50,68,238,2019/2020,LEB Plata
HESTIA MENORCA,3,625,238,53/94,29/83,82/177,45/68,15,76,91,45,14,36,14,7,2,60,73,254,2019/2020,LEB Plata
BASQUET GIRONA,3,625,236,55/102,30/71,85/173,36/51,28,85,113,48,18,49,15,7,5,59,55,267,2019/2020,LEB Plata
JUARISTI ISB,3,600,196,46/114,22/78,68/192,38/52,28,61,89,32,23,33,6,15,2,63,58,155,2019/2020,LEB Plata
BARÇA,3,600,231,50/92,37/104,87/196,20/29,24,70,94,49,18,40,7,5,6,58,54,232,2019/2020,LEB Plata
GRAN CANARIA,3,600,219,55/109,26/99,81/208,31/43,28,66,94,53,18,36,7,10,2,65,52,193,2019/2020,LEB Plata
REAL MURCIA BALONCESTO,12,2400,880,181/363,126/356,307/719,140/201,91,352,443,200,76,149,24,34,16,194,215,988,2018/2019,LEB Plata
JUARISTI ISB,12,2400,869,219/451,105/277,324/728,116/170,122,274,396,158,77,142,20,28,10,215,198,875,2018/2019,LEB Plata
AFANION CB ALMANSA,12,2400,981,224/459,127/337,351/796,152/211,105,289,394,186,101,114,32,37,8,214,222,1047,2018/2019,LEB Plata
HLA ALICANTE,12,2400,933,216/477,118/317,334/794,147/215,126,301,427,138,104,118,44,29,14,206,225,990,2018/2019,LEB Plata
ISOVER BASKET AZUQUECA,12,2400,868,232/481,94/316,326/797,122/183,112,290,402,138,80,132,29,28,8,181,202,846,2018/2019,LEB Plata
BASKET NAVARRA,12,2400,912,252/480,94/276,346/756,126/179,102,277,379,199,88,163,30,25,5,259,206,904,2018/2019,LEB Plata
CB VILLARROBLEDO,12,2400,926,228/436,105/294,333/730,155/227,111,282,393,188,93,142,26,13,22,279,235,958,2018/2019,LEB Plata
AQUIMISA LABORATORIOS-QUESO ZAMORANO,12,2400,818,189/431,98/316,287/747,146/193,112,298,410,136,65,146,24,33,24,217,227,777,2018/2019,LEB Plata
MARIN ENCE PEIXE GALEGO,12,2400,897,251/516,80/230,331/746,155/229,103,349,452,124,55,151,45,23,18,174,225,961,2018/2019,LEB Plata
ZORNOTZA SASKIBALOI TALDEA,12,2400,843,184/401,105/343,289/744,160/233,101,295,396,142,66,139,22,29,4,248,221,746,2018/2019,LEB Plata
IGUALATORIO CANTABRIA ESTELA,12,2400,855,231/490,87/263,318/753,132/186,86,303,389,171,75,168,23,29,11,225,210,812,2018/2019,LEB Plata
BASQUET GIRONA,12,2400,851,240/501,86/257,326/758,113/159,114,291,405,196,61,135,18,19,8,230,223,892,2018/2019,LEB Plata
HLA ALICANTE,30,6150,2354,519/1036,312/899,831/1935,380/537,292,756,1048,411,175,319,93,43,22,585,599,2472,2017/2018,LEB Plata
REAL CANOE N.C.,30,6050,2338,672/1290,209/616,881/1906,367/562,306,722,1028,379,194,414,79,63,46,514,596,2403,2017/2018,LEB Plata
BASKET NAVARRA,30,6000,2346,629/1191,236/701,865/1892,380/525,290,700,990,385,199,383,52,56,39,593,541,2309,2017/2018,LEB Plata
COVIRAN GRANADA,30,6000,2327,635/1204,232/673,867/1877,361/522,344,742,1086,404,207,365,52,69,41,579,592,2484,2017/2018,LEB Plata
FUNDACION GLOBALCAJA LA RODA,30,6050,2335,560/1097,269/844,829/1941,408/554,291,732,1023,498,246,346,76,52,32,488,581,2615,2017/2018,LEB Plata
AGUSTINOS LECLERC,30,6025,2388,682/1286,223/731,905/2017,355/528,270,725,995,397,162,345,102,76,55,561,558,2335,2017/2018,LEB Plata
BASKONIA,30,6025,2276,586/1157,258/724,844/1881,330/522,253,715,968,436,212,416,83,54,65,602,533,2207,2017/2018,LEB Plata
CB MARTORELL,30,6025,2231,601/1249,235/759,836/2008,324/431,301,683,984,401,238,393,99,60,29,569,527,2179,2017/2018,LEB Plata
ACEITUNAS FRAGATA MORON,30,6000,2299,632/1150,239/710,871/1860,318/461,242,686,928,418,217,350,52,70,27,596,537,2303,2017/2018,LEB Plata
TORRONS VICENS - C.B. L´HOSPITALET,30,6050,2310,617/1180,235/691,852/1871,371/548,271,707,978,419,211,388,64,58,26,600,580,2320,2017/2018,LEB Plata
ARCOS ALBACETE BASKET,30,6050,2238,592/1146,233/721,825/1867,355/510,267,699,966,408,239,372,61,52,37,596,590,2285,2017/2018,LEB Plata
REAL MURCIA BALONCESTO,30,6050,2141,562/1140,205/700,767/1840,402/575,287,696,983,411,218,365,57,84,18,560,575,2130,2017/2018,LEB Plata
CB EXTREMADURA PLASENCIA,30,6050,2276,562/1197,263/716,825/1913,363/544,301,714,1015,443,177,382,45,60,39,599,588,2234,2017/2018,LEB Plata
AQUIMISA LABORATORIOS-QUESO ZAMORANO,30,6025,2388,569/1109,283/742,852/1851,401/510,239,656,895,375,173,355,33,96,20,626,582,2261,2017/2018,LEB Plata
ÁVILA AUTÉNTICA-CARREFOUR ´EL BULEVAR´,30,6050,2215,614/1146,190/622,804/1768,417/569,220,749,969,411,249,407,43,62,67,560,581,2323,2017/2018,LEB Plata
XUVEN CAMBADOS,30,6050,2262,628/1260,224/713,852/1973,334/494,316,746,1062,414,199,378,62,58,17,553,537,2266,2017/2018,LEB Plata
CARREFOUR ´EL BULEVAR´ DE AVILA,30,6050,2107,579/1219,192/597,771/1816,373/536,287,727,1014,369,216,415,50,75,11,562,590,2086,2016/2017,LEB Plata
ACEITUNAS FRAGATA MORON,30,6000,2237,603/1211,232/695,835/1906,335/479,264,694,958,388,235,386,66,63,13,591,554,2183,2016/2017,LEB Plata
HISPAGAN UPB GANDIA,30,6075,2244,563/1204,241/716,804/1920,395/551,252,725,977,345,223,452,84,63,17,635,583,2034,2016/2017,LEB Plata
SAMMIC ISB,30,6025,2222,537/1099,259/723,796/1822,371/519,233,734,967,412,225,356,78,55,42,554,580,2345,2016/2017,LEB Plata
HLA LUCENTUM,30,6050,2308,614/1247,225/581,839/1828,405/545,283,690,973,473,211,401,51,45,20,616,593,2418,2016/2017,LEB Plata
COVIRAN GRANADA,30,6000,2361,637/1253,222/631,859/1884,421/577,327,790,1117,396,194,397,86,55,28,598,580,2503,2016/2017,LEB Plata
TORRONS VICENS C.B. LHOSPITALET A,30,6125,2103,630/1338,154/598,784/1936,381/580,294,701,995,415,230,383,65,73,16,584,638,2055,2016/2017,LEB Plata
CAMBADOS CIDADE EUROPEA DO VIÑO 2017,30,6000,2513,688/1323,244/685,932/2008,405/566,320,741,1061,406,258,398,64,77,31,553,623,2660,2016/2017,LEB Plata
COMERCIAL ULSA CBC VALLADOLID,30,6000,2137,612/1360,184/579,796/1939,361/517,371,738,1109,291,212,411,104,65,39,559,558,2077,2016/2017,LEB Plata
C.B. TARRAGONA 2017,30,6125,2265,550/1174,257/793,807/1967,394/574,313,715,1028,376,227,404,63,64,33,640,645,2156,2016/2017,LEB Plata
ARCOS ALBACETE BASKET,30,6050,2172,613/1275,201/622,814/1897,343/520,294,696,990,333,198,388,65,61,25,674,571,1946,2016/2017,LEB Plata
AGUSTINOS LECLERC,30,6000,2229,567/1226,225/636,792/1862,420/595,306,743,1049,295,166,458,68,93,36,560,612,2063,2016/2017,LEB Plata
ZORNOTZA SASKIBALOI TALDEA,30,6025,2223,588/1157,214/751,802/1908,405/637,299,693,992,390,206,397,68,54,18,655,639,2074,2016/2017,LEB Plata
SEGUROS SOLISS ALCÁZAR BASKET,30,6075,2200,521/1048,258/807,779/1855,384/543,199,774,973,413,177,360,67,55,24,583,574,2171,2016/2017,LEB Plata
KIA SAKIMOVIL BASKET NAVARRA,30,6050,2138,557/1211,206/658,763/1869,406/550,267,753,1020,336,183,433,47,56,20,607,613,1991,2016/2017,LEB Plata
AQUIMISA LABORATORIOS QUESO ZAMORANO,30,6100,2304,545/1190,265/729,810/1919,419/582,303,702,1005,388,176,401,40,81,22,602,573,2130,2016/2017,LEB Plata
ZORNOTZA SASKIBALOI TALDEA,26,5275,1911,460/972,209/670,669/1642,364/521,263,572,835,288,172,383,72,41,17,576,535,1683,2015/2016,LEB Plata
FUNDACIÓN LUCENTUM,26,5225,1880,503/976,170/548,673/1524,364/510,211,587,798,299,206,351,53,52,29,450,540,1926,2015/2016,LEB Plata
ACEITUNAS FRAGATA MORÓN,26,5225,1885,615/1209,128/428,743/1637,271/422,287,658,945,326,218,445,74,58,31,539,508,1869,2015/2016,LEB Plata
BRICO DEPÔT CIUDAD DE VALLADOLID,26,5200,1912,560/1195,150/493,710/1688,342/505,257,616,873,333,185,371,38,69,20,490,532,1802,2015/2016,LEB Plata
INSTITUTO DE FERTILIDAD CLÍNICAS RINCÓN,26,5275,1787,491/993,163/601,654/1594,316/473,265,608,873,332,203,458,85,17,56,534,542,1716,2015/2016,LEB Plata
SAENZ HORECA ARABERRI B.C.,26,5225,2130,606/1116,188/506,794/1622,354/499,207,602,809,411,242,403,67,58,44,521,520,2224,2015/2016,LEB Plata
MARIN ENCE PEIXEGALEGO,26,5225,2088,494/976,231/615,725/1591,407/557,228,554,782,320,212,318,54,38,37,520,555,2119,2015/2016,LEB Plata
VITEN GETAFE,26,5200,1755,453/923,174/630,627/1553,327/470,241,552,793,295,173,414,41,44,18,611,490,1409,2015/2016,LEB Plata
XUVEN CAMBADOS,26,5250,2111,597/1184,192/553,789/1737,341/486,260,587,847,373,247,369,41,62,13,547,545,2093,2015/2016,LEB Plata
COVIRAN GRANADA,26,5250,2019,547/1094,190/588,737/1682,355/529,339,682,1021,375,205,395,49,57,17,554,530,2074,2015/2016,LEB Plata
CARREFOUR ´EL BULEVAR´ DE AVILA,26,5225,1841,457/957,203/631,660/1588,318/472,250,615,865,297,184,361,38,56,19,551,511,1686,2015/2016,LEB Plata
SIMPLY OLIVAR,26,5225,1878,583/1166,151/470,734/1636,259/402,221,615,836,375,192,413,50,48,8,488,465,1802,2015/2016,LEB Plata
SAMMIC ISB,26,5225,1972,592/1139,155/530,747/1669,323/539,304,612,916,324,254,390,74,50,47,452,519,2029,2015/2016,LEB Plata
C.B. TARRAGONA,26,5225,1950,518/997,186/562,704/1559,356/499,238,618,856,364,230,401,67,47,35,555,555,2021,2015/2016,LEB Plata
LUCENTUM ALICANTE,28,5625,1986,476/932,223/650,699/1582,365/535,234,619,853,368,245,395,40,43,8,467,602,2136,2014/2015,LEB Plata
VITEN GETAFE,28,5600,1872,474/1016,207/674,681/1690,303/465,272,660,932,324,224,456,86,59,61,638,497,1611,2014/2015,LEB Plata
CLUB BASQUET TARRAGONA,28,5650,1965,581/1198,181/579,762/1777,260/421,300,680,980,364,232,488,94,66,63,613,482,1774,2014/2015,LEB Plata
ZORNOTZA SASKIBALOI TALDEA,28,5625,2182,593/1121,204/604,797/1725,384/527,253,628,881,332,165,330,54,35,20,511,540,2207,2014/2015,LEB Plata
CANARIAS BASKETBALL ACADEMY-GRAN CANARIA,28,5625,1784,590/1265,129/488,719/1753,217/343,264,682,946,328,196,418,53,77,23,504,447,1595,2014/2015,LEB Plata
OPENTACH BASQUET PLA,28,5650,1898,516/1124,167/619,683/1743,365/500,291,622,913,309,214,444,49,77,27,474,570,1763,2014/2015,LEB Plata
AMICS CASTELLÓ,28,5625,2368,657/1209,219/616,876/1825,397/539,259,680,939,510,253,397,83,78,29,525,564,2626,2014/2015,LEB Plata
SÁENZ HORECA ARABERRI,28,5600,1913,554/1145,158/529,712/1674,331/529,240,642,882,309,177,438,32,92,12,499,538,1662,2014/2015,LEB Plata
FUNDACION BALONCESTO FUENLABRADA,24,4825,1730,387/806,214/643,601/1449,314/428,252,546,798,356,205,362,60,50,45,512,447,1710,2013/2014,LEB Plata
FUTBOL CLUB BARCELONA,28,5675,1942,533/1144,206/651,739/1795,258/410,323,586,909,301,231,467,65,72,36,612,480,1569,2014/2015,LEB Plata
CACERES PATRIMONIO DE LA HUMANIDAD,28,5625,2136,570/1123,235/654,805/1777,291/437,287,691,978,440,207,361,69,58,44,481,537,2349,2014/2015,LEB Plata
SAMMIC ISB,28,5625,1970,622/1224,133/498,755/1722,327/504,270,622,892,351,234,436,49,68,57,550,518,1816,2014/2015,LEB Plata
CEBA GUADALAJARA,28,5675,2011,493/1017,216/595,709/1612,377/535,273,713,986,336,145,415,93,68,42,472,598,2153,2014/2015,LEB Plata
MARIN PEIXEGALEGO,28,5650,1999,538/1053,210/609,748/1662,293/443,210,623,833,324,225,382,45,63,40,468,505,1954,2014/2015,LEB Plata
XUVEN CAMBADOS,28,5600,1920,595/1271,147/474,742/1745,289/409,277,622,899,345,247,453,80,64,22,558,507,1800,2014/2015,LEB Plata
ARABERRI BASKET CLUB,24,4825,1694,468/1008,163/501,631/1509,269/399,253,558,811,336,178,360,32,58,14,460,447,1612,2013/2014,LEB Plata
AMICS CASTELLÓ,24,4850,1834,498/1060,183/578,681/1638,289/394,301,553,854,365,191,351,44,68,25,472,458,1793,2013/2014,LEB Plata
MARIN PEIXEGALEGO,24,4825,1685,442/870,179/529,621/1399,264/398,180,581,761,349,172,350,67,49,26,392,451,1782,2013/2014,LEB Plata
GRUPO EULEN CARREFOUR ´EL BULEVAR´ DE AVILA,24,4850,1775,435/868,205/627,640/1495,290/396,219,581,800,330,181,376,50,56,13,461,441,1723,2013/2014,LEB Plata
PALMA AIR EUROPA,24,4875,1869,482/922,193/606,675/1528,326/437,268,570,838,323,182,304,49,47,12,475,473,1944,2013/2014,LEB Plata
CEBA GUADALAJARA,24,4925,1556,448/942,125/405,573/1347,285/391,201,580,781,267,150,353,35,66,11,448,471,1513,2013/2014,LEB Plata
AURTENECHE MAQUINARIA EUSKADI,20,4075,1507,430/864,126/400,556/1264,269/382,264,450,714,288,197,343,33,51,20,400,387,1511,2012/2013,LEB Plata
CB PRAT,24,4900,1827,480/998,194/592,674/1590,285/415,263,557,820,302,197,330,61,52,26,505,450,1724,2013/2014,LEB Plata
AZPEITIA AZKOITIA ISB,24,4925,1811,528/1046,156/481,684/1527,287/412,225,540,765,370,228,372,54,58,42,495,459,1794,2013/2014,LEB Plata
CONSERVAS DE CAMBADOS,24,4825,1623,480/994,145/451,625/1445,228/349,207,498,705,289,206,366,41,54,11,472,435,1466,2013/2014,LEB Plata
ASKATUAK,24,4800,1479,390/946,150/523,540/1469,249/400,296,556,852,218,154,430,74,48,13,449,477,1247,2013/2014,LEB Plata
ZORNOTZA SASKIBALOI TALDEA,24,4825,1747,440/918,183/498,623/1416,318/458,216,607,823,293,133,389,74,48,33,455,510,1755,2013/2014,LEB Plata
GRAN CANARIA 2014,20,4025,1290,355/738,125/460,480/1198,205/325,236,477,713,216,156,384,57,45,30,401,379,1143,2012/2013,LEB Plata
AMICS CASTELLÓ,20,4075,1519,383/775,137/412,520/1187,342/432,150,504,654,260,151,310,36,44,13,347,419,1581,2012/2013,LEB Plata
CB PRAT JOVENTUT,20,4000,1399,351/746,139/481,490/1227,280/401,200,467,667,221,178,283,70,56,15,406,393,1325,2012/2013,LEB Plata
PALMA AIR EUROPA,20,4000,1492,370/762,141/462,511/1224,329/445,205,499,704,235,167,315,47,38,18,430,442,1475,2012/2013,LEB Plata
CAFES AITONA,20,4000,1263,342/804,122/401,464/1205,213/335,211,444,655,215,140,310,55,49,10,366,380,1120,2012/2013,LEB Plata
CLINICAS RINCON,20,4025,1376,370/780,127/428,497/1208,255/407,259,452,711,218,191,363,74,34,30,445,401,1266,2012/2013,LEB Plata
UNION FINANCIERA ASTURIANA OVIEDO BALONCESTO,20,4025,1557,441/829,148/456,589/1285,231/323,210,489,699,304,160,285,43,50,20,423,338,1555,2012/2013,LEB Plata
AZPEITIA AZKOITIA ISB,20,4050,1531,423/830,126/424,549/1254,307/429,210,495,705,279,152,319,32,54,16,340,410,1569,2012/2013,LEB Plata
GRUPO EULEN CARREFOUR ´EL BULEVAR´ DE AVILA,20,4000,1403,347/747,143/495,490/1242,280/396,255,471,726,208,132,293,55,41,24,373,382,1331,2012/2013,LEB Plata
CEBA GUADALAJARA,20,4025,1490,414/831,144/460,558/1291,230/321,225,441,666,227,160,318,65,47,36,396,364,1387,2012/2013,LEB Plata
